{
  "Bergens Tidende": {
    "domain": "bt.no",
    "allow_cookies": 1,
    "useragent": "facebookbot",
    "upd_version": "3.9.7.5"
  },
  "Bild": {
    "domain": "bild.de",
    "allow_cookies": 1,
    "add_ext_link": "div.offer-module|article",
    "add_ext_link_type": "archive.is",
    "upd_version": "3.9.8.1"
  },
  "Brill": {
    "domain": "brill.com",
    "allow_cookies": 1,
    "useragent": "googlebot",
    "upd_version": "3.9.8.4"
  },
  "Business Insider": {
    "domain": "businessinsider.com",
    "allow_cookies": 1,
    "block_regex": "(\\.businessinsider\\.com\\/chunks\\/scripts\\/\\d.+\\.js|\\.sophi\\.io\\/)",
    "upd_version": "3.9.8.5"
  },
  "Citywire": {
    "domain": "citywire.com",
    "allow_cookies": 1,
    "useragent": "facebookbot",
    "upd_version": "3.9.8.2"
  },
  "Crusoe.com.br": {
    "domain": "crusoe.com.br",
    "allow_cookies": 1,
    "ld_json_url": "section.paywall|div#content_post|1",
    "upd_version": "3.9.8.6"
  },
  "Die Welt": {
    "domain": "welt.de",
    "allow_cookies": 1,
    "ld_archive_is": "div.contains_walled_content,div.c-article-paywall|main header + div",
    "upd_version": "3.9.7.1"
  },
  "Financial News (London)": {
    "domain": "fnlondon.com",
    "allow_cookies": 1,
    "block_regex": "\\.cxense\\.com",
    "referer": "google",
    "upd_version": "3.9.7.3"
  },
  "Grupo Clarín": {
    "domain": "###_ar_grupo_clarin",
    "group": [
      "clarin.com",
      "lavoz.com.ar",
      "losandes.com.ar",
      "ole.com.ar"
    ],
    "allow_cookies": 1,
    "block_regex": "zonda\\.clarin\\.com",
    "exception": [{
        "domain": "lavoz.com.ar",
        "allow_cookies": 1,
        "block_regex": "zonda\\.lavoz\\.com\\.ar"
      }, {
        "domain": "losandes.com.ar",
        "allow_cookies": 1,
        "block_regex": "cdn\\.lavoz\\.com\\.ar\\/sites\\/.+\\/paywall\\/losandes\\/pw\\.js"
      }
    ],
    "upd_version": "3.9.6.4"
  },
  "Hamburger Morgenpost": {
    "domain": "mopo.de",
    "allow_cookies": 1,
    "ld_json_url": "div#paywall|div.paywall-fade",
    "upd_version": "3.9.6.7"
  },
  "La Gaceta.com.ar": {
    "domain": "lagaceta.com.ar",
    "allow_cookies": 1,
    "block_regex": "\\.lagaceta\\.com\\.ar\\/ajax\\/getInfo",
    "useragent": "facebookbot",
    "upd_version": "3.9.8.3"
  },
  "Le Monde Diplomatique Brasil": {
    "domain": "diplomatique.org.br",
    "allow_cookies": 1,
    "ld_json_url": "div.entry-content div.module_row|div.entry-content",
    "upd_version": "3.9.8.6"
  },
  "Postmedia Network": {
    "domain": "###_ca_postmedia",
    "group": [
      "calgaryherald.com",
      "financialpost.com",
      "nationalpost.com",
      "theprovince.com",
      "torontosun.com",
      "vancouversun.com"
    ],
    "allow_cookies": 1,
    "block_regex": "(\\.tinypass\\.com|\\.sophi\\.io|\\.amplitude\\.com)",
    "upd_version": "3.9.6.9"
  },
  "Standardmedia.co.ke": {
    "domain": "standardmedia.co.ke",
    "allow_cookies": 1,
    "block_regex": "\\.poool\\.fr",
    "cs_code": "[{\"cond\":\"div#js-enabled\", \"rm_attrib\":\"id\"}, {\"cond\":\"div#js-disabled\", \"rm_elem\":1}]",
    "upd_version": "3.9.6.5"
  },
  "The Atlantic": {
    "domain": "theatlantic.com",
    "allow_cookies": 1,
    "block_regex": "\\.theatlantic\\.com\\/zephr\\/",
    "upd_version": "3.9.8.4"
  },
  "The Business Journals": {
    "domain": "bizjournals.com",
    "allow_cookies": 1,
    "block_regex": "\\.cxense\\.com",
    "cs_code": "[{\"cond\":\"div.sheet-overlay\", \"rm_elem\":1, \"elems\": [{\"cond\":\"html.is-overlaid,body.is-overlaid\", \"rm_class\":\"is-overlaid\"}]}]",
    "upd_version": "3.9.6.9"
  },
  "Tempo.co": {
    "domain": "tempo.co",
    "allow_cookies": 1,
    "cs_code": "[{\"cond\":\"article>div:not([class]) div.overflow-hidden\", \"rm_attrib\":\"class\"}]",
    "upd_version": "3.9.6.6"
  },
  "The Leaflet.in": {
    "domain": "theleaflet.in",
    "allow_cookies": 1,
    "ld_json": "div[id*='paywall-banner']|div.paywall",
    "upd_version": "3.9.7.1"
  },
  "The New York Sun": {
    "domain": "nysun.com",
    "allow_cookies": 1,
    "block_regex": "\\.nysun\\.com\\/zephr",
    "upd_version": "3.9.6.3"
  },
  "The San Francisco Standard": {
    "domain": "sfstandard.com",
    "upd_version": "3.9.6.8"
  }
}
